{"cameraMode":{"drawMode":0,"name":"Shaded","section":"Shading Mode"},"sceneLighting":true,"audioPlay":false,"sceneViewState":{"showFog":true,"showMaterialUpdate":false,"showSkybox":true,"showFlares":true,"showImageEffects":true,"showParticleSystems":true},"in2DMode":false,"pivot":{"x":0.5934397578239441,"y":-2.4188015460968019,"z":-1.410974144935608},"rotation":{"x":0.2741468548774719,"y":-0.13361376523971559,"z":0.03849358856678009,"w":0.9515824913978577},"size":16.588300704956056,"orthographic":false}