{"cameraMode":{"drawMode":0,"name":"Shaded","section":"Shading Mode"},"sceneLighting":true,"audioPlay":false,"sceneViewState":{"showFog":true,"showMaterialUpdate":false,"showSkybox":true,"showFlares":true,"showImageEffects":true,"showParticleSystems":true},"in2DMode":false,"pivot":{"x":961.6888427734375,"y":-1415.377685546875,"z":-512.5941772460938},"rotation":{"x":0.8042629957199097,"y":0.017217645421624185,"z":-0.02333105355501175,"w":0.5935701131820679},"size":3168.78125,"orthographic":false}