{"cameraMode":{"drawMode":0,"name":"Shaded","section":"Shading Mode"},"sceneLighting":true,"audioPlay":false,"sceneViewState":{"showFog":true,"showMaterialUpdate":false,"showSkybox":true,"showFlares":true,"showImageEffects":true,"showParticleSystems":true},"in2DMode":false,"pivot":{"x":-3.8444607257843019,"y":-3.0447475910186769,"z":-3.0914390087127687},"rotation":{"x":0.2741468548774719,"y":-0.13361376523971559,"z":0.03849358856678009,"w":0.9515824913978577},"size":17.63019561767578,"orthographic":false}