{"cameraMode":{"drawMode":0,"name":"Shaded","section":"Shading Mode"},"sceneLighting":true,"audioPlay":false,"sceneViewState":{"showFog":true,"showMaterialUpdate":false,"showSkybox":true,"showFlares":true,"showImageEffects":true,"showParticleSystems":true},"in2DMode":false,"pivot":{"x":322.4046630859375,"y":-1335.739990234375,"z":-734.5860595703125},"rotation":{"x":0.8042629957199097,"y":0.017217645421624185,"z":-0.02333105355501175,"w":0.5935701131820679},"size":1164.11865234375,"orthographic":true}